undefined	asdasd	asdasd	asdasd
undefined	asdasd	asdasd	asdasdasda
undefined	asdasd	asdasd	asdasdasda
undefined	asdasd	asdasd	asdasdasda
Jay Manligas,Hello,Programmer,jay.manligas@gmail.com
Jay Manligas,Hello,Programmer,jay.manligas@gmail.com
asdad,asdasd,asdad,asdasd
asdad,asdasd,asdad,asdasd
asda,sdasda,adsdasd,asdasda@asdasd.com
asda,sdasd,asdasda,asdasdas
asdasd,asdasd,sdasda,wdasdwad
asd,awda,sdwa,sdwasd
asd,was,dwas,asdawdas
sadw,asdw,asdw,asd
asd,asdaw,dasd,awdsdawd
Jay Ma;ogas,asdl,a;sldk,;lasdadwa
juditha ,arista,maneger,
,,,
asda,,,asdasd
,,,
asdwa,sdas,daw,sdawsd
,,,
asd,asda,sdasda,das
asd,asdasd,asd,asdad
asd,asda,dasd,asda
asda,sda,asda,asd
asda,sdad,sada,sdasd
asda,dsa,dasd,asd
asd,asda,sdasd,asdasd
asd,asda,sdad,asdasd
asd,asd,asdasd,asda
asda,sdas,dasd,asdads
asd,asda,dsad,asdasd
,,,
,,,
,,,
,,,
